period,origin_country,dest_country,flight_count
TP1,阿联酋,澳大利亚,2812
TP1,阿联酋,巴西,459
TP1,阿联酋,加拿大,653
TP1,阿联酋,瑞士,2129
TP1,阿联酋,德国,5923
TP1,阿联酋,西班牙,1676
TP1,阿联酋,法国,2623
TP1,阿联酋,北爱尔兰,9367
TP1,阿联酋,印度,20023
TP1,阿联酋,意大利,2793
TP1,阿联酋,日本,539
TP1,阿联酋,荷兰,2037
TP1,阿联酋,俄罗斯,4581
TP1,阿联酋,瑞典,672
TP1,阿联酋,美国,4444
TP1,澳大利亚,阿联酋,4376
TP1,澳大利亚,巴西,13
TP1,澳大利亚,加拿大,995
TP1,澳大利亚,瑞士,37
TP1,澳大利亚,德国,300
TP1,澳大利亚,西班牙,100
TP1,澳大利亚,法国,170
TP1,澳大利亚,北爱尔兰,1172
TP1,澳大利亚,印度,615
TP1,澳大利亚,意大利,116
TP1,澳大利亚,日本,678
TP1,澳大利亚,荷兰,112
TP1,澳大利亚,俄罗斯,79
TP1,澳大利亚,瑞典,34
TP1,澳大利亚,美国,5368
TP1,巴西,阿联酋,544
TP1,巴西,澳大利亚,7
TP1,巴西,加拿大,449
TP1,巴西,瑞士,385
TP1,巴西,德国,795
TP1,巴西,西班牙,1510
TP1,巴西,法国,1310
TP1,巴西,北爱尔兰,885
TP1,巴西,印度,3
TP1,巴西,意大利,1259
TP1,巴西,日本,2
TP1,巴西,荷兰,528
TP1,巴西,俄罗斯,8
TP1,巴西,瑞典,4
TP1,巴西,美国,6606
TP1,加拿大,阿联酋,563
TP1,加拿大,澳大利亚,987
TP1,加拿大,巴西,403
TP1,加拿大,瑞士,1141
TP1,加拿大,德国,3758
TP1,加拿大,西班牙,933
TP1,加拿大,法国,3778
TP1,加拿大,北爱尔兰,6640
TP1,加拿大,印度,667
TP1,加拿大,意大利,1420
TP1,加拿大,日本,290
TP1,加拿大,荷兰,1780
TP1,加拿大,俄罗斯,9
TP1,加拿大,瑞典,17
TP1,加拿大,美国,117848
TP1,瑞士,阿联酋,2244
TP1,瑞士,澳大利亚,1
TP1,瑞士,巴西,382
TP1,瑞士,加拿大,1121
TP1,瑞士,德国,27832
TP1,瑞士,西班牙,12709
TP1,瑞士,法国,12894
TP1,瑞士,北爱尔兰,29029
TP1,瑞士,印度,688
TP1,瑞士,意大利,10786
TP1,瑞士,日本,27
TP1,瑞士,荷兰,6277
TP1,瑞士,俄罗斯,3159
TP1,瑞士,瑞典,2687
TP1,瑞士,美国,6088
TP1,德国,阿联酋,5838
TP1,德国,澳大利亚,4
TP1,德国,巴西,878
TP1,德国,加拿大,3851
TP1,德国,瑞士,27148
TP1,德国,西班牙,34368
TP1,德国,法国,24561
TP1,德国,北爱尔兰,54784
TP1,德国,印度,3275
TP1,德国,意大利,38344
TP1,德国,日本,659
TP1,德国,荷兰,15289
TP1,德国,俄罗斯,15088
TP1,德国,瑞典,12037
TP1,德国,美国,20308
TP1,西班牙,阿联酋,1647
TP1,西班牙,澳大利亚,17
TP1,西班牙,巴西,1520
TP1,西班牙,加拿大,993
TP1,西班牙,瑞士,13619
TP1,西班牙,德国,35642
TP1,西班牙,法国,28018
TP1,西班牙,北爱尔兰,60793
TP1,西班牙,印度,149
TP1,西班牙,意大利,24837
TP1,西班牙,日本,14
TP1,西班牙,荷兰,12565
TP1,西班牙,俄罗斯,4737
TP1,西班牙,瑞典,5220
TP1,西班牙,美国,9129
TP1,法国,阿联酋,2433
TP1,法国,巴西,1240
TP1,法国,加拿大,3443
TP1,法国,瑞士,13206
TP1,法国,德国,22586
TP1,法国,西班牙,26269
TP1,法国,北爱尔兰,30879
TP1,法国,印度,1827
TP1,法国,意大利,26043
TP1,法国,日本,566
TP1,法国,荷兰,7420
TP1,法国,俄罗斯,5081
TP1,法国,瑞典,3123
TP1,法国,美国,14281
TP1,北爱尔兰,阿联酋,9250
TP1,北爱尔兰,澳大利亚,404
TP1,北爱尔兰,巴西,713
TP1,北爱尔兰,加拿大,6352
TP1,北爱尔兰,瑞士,28325
TP1,北爱尔兰,德国,51617
TP1,北爱尔兰,西班牙,46233
TP1,北爱尔兰,法国,31174
TP1,北爱尔兰,印度,4368
TP1,北爱尔兰,意大利,36091
TP1,北爱尔兰,日本,258
TP1,北爱尔兰,荷兰,29973
TP1,北爱尔兰,俄罗斯,3611
TP1,北爱尔兰,瑞典,9388
TP1,北爱尔兰,美国,42843
TP1,印度,阿联酋,16781
TP1,印度,澳大利亚,499
TP1,印度,巴西,35
TP1,印度,加拿大,610
TP1,印度,瑞士,675
TP1,印度,德国,3358
TP1,印度,西班牙,161
TP1,印度,法国,1576
TP1,印度,北爱尔兰,4188
TP1,印度,意大利,934
TP1,印度,日本,158
TP1,印度,荷兰,822
TP1,印度,俄罗斯,836
TP1,印度,瑞典,213
TP1,印度,美国,1489
TP1,意大利,阿联酋,3050
TP1,意大利,澳大利亚,8
TP1,意大利,巴西,1215
TP1,意大利,加拿大,1472
TP1,意大利,瑞士,10389
TP1,意大利,德国,41505
TP1,意大利,西班牙,26241
TP1,意大利,法国,28163
TP1,意大利,北爱尔兰,40370
TP1,意大利,印度,760
TP1,意大利,日本,170
TP1,意大利,荷兰,10559
TP1,意大利,俄罗斯,9594
TP1,意大利,瑞典,2059
TP1,意大利,美国,8668
TP1,日本,阿联酋,541
TP1,日本,澳大利亚,1184
TP1,日本,巴西,1
TP1,日本,加拿大,689
TP1,日本,瑞士,58
TP1,日本,德国,1611
TP1,日本,西班牙,59
TP1,日本,法国,1312
TP1,日本,北爱尔兰,1103
TP1,日本,印度,169
TP1,日本,意大利,74
TP1,日本,荷兰,483
TP1,日本,俄罗斯,94
TP1,日本,瑞典,42
TP1,日本,美国,5310
TP1,荷兰,阿联酋,2239
TP1,荷兰,澳大利亚,1
TP1,荷兰,巴西,594
TP1,荷兰,加拿大,1806
TP1,荷兰,瑞士,5942
TP1,荷兰,德国,15479
TP1,荷兰,西班牙,11759
TP1,荷兰,法国,8576
TP1,荷兰,北爱尔兰,33531
TP1,荷兰,印度,908
TP1,荷兰,意大利,11085
TP1,荷兰,日本,367
TP1,荷兰,俄罗斯,2733
TP1,荷兰,瑞典,4339
TP1,荷兰,美国,9985
TP1,俄罗斯,阿联酋,4551
TP1,俄罗斯,澳大利亚,20
TP1,俄罗斯,巴西,5
TP1,俄罗斯,加拿大,3
TP1,俄罗斯,瑞士,3280
TP1,俄罗斯,德国,16207
TP1,俄罗斯,西班牙,4920
TP1,俄罗斯,法国,5753
TP1,俄罗斯,北爱尔兰,4363
TP1,俄罗斯,印度,815
TP1,俄罗斯,意大利,9388
TP1,俄罗斯,日本,98
TP1,俄罗斯,荷兰,2630
TP1,俄罗斯,瑞典,1644
TP1,俄罗斯,美国,2023
TP1,瑞典,阿联酋,647
TP1,瑞典,澳大利亚,1
TP1,瑞典,巴西,5
TP1,瑞典,加拿大,7
TP1,瑞典,瑞士,2536
TP1,瑞典,德国,11083
TP1,瑞典,西班牙,4133
TP1,瑞典,法国,3114
TP1,瑞典,北爱尔兰,9397
TP1,瑞典,印度,152
TP1,瑞典,意大利,1942
TP1,瑞典,日本,2
TP1,瑞典,荷兰,3743
TP1,瑞典,俄罗斯,1455
TP1,瑞典,美国,1639
TP1,美国,阿联酋,4729
TP1,美国,澳大利亚,5840
TP1,美国,巴西,6777
TP1,美国,加拿大,120840
TP1,美国,瑞士,6116
TP1,美国,德国,20603
TP1,美国,西班牙,8259
TP1,美国,法国,14554
TP1,美国,北爱尔兰,44336
TP1,美国,印度,2006
TP1,美国,意大利,8036
TP1,美国,日本,3315
TP1,美国,荷兰,10702
TP1,美国,俄罗斯,1670
TP1,美国,瑞典,1591
TP2,阿联酋,澳大利亚,711
TP2,阿联酋,巴西,166
TP2,阿联酋,加拿大,156
TP2,阿联酋,瑞士,541
TP2,阿联酋,德国,1901
TP2,阿联酋,西班牙,464
TP2,阿联酋,法国,816
TP2,阿联酋,北爱尔兰,2264
TP2,阿联酋,印度,5315
TP2,阿联酋,意大利,629
TP2,阿联酋,日本,182
TP2,阿联酋,荷兰,680
TP2,阿联酋,新西兰,169
TP2,阿联酋,俄罗斯,1299
TP2,阿联酋,美国,1131
TP2,澳大利亚,阿联酋,1060
TP2,澳大利亚,巴西,11
TP2,澳大利亚,加拿大,258
TP2,澳大利亚,瑞士,5
TP2,澳大利亚,德国,37
TP2,澳大利亚,西班牙,9
TP2,澳大利亚,法国,28
TP2,澳大利亚,北爱尔兰,136
TP2,澳大利亚,印度,118
TP2,澳大利亚,意大利,11
TP2,澳大利亚,日本,240
TP2,澳大利亚,荷兰,7
TP2,澳大利亚,新西兰,5215
TP2,澳大利亚,俄罗斯,5
TP2,澳大利亚,美国,1569
TP2,巴西,阿联酋,157
TP2,巴西,澳大利亚,5
TP2,巴西,加拿大,148
TP2,巴西,瑞士,113
TP2,巴西,德国,297
TP2,巴西,西班牙,366
TP2,巴西,法国,358
TP2,巴西,北爱尔兰,311
TP2,巴西,印度,2
TP2,巴西,意大利,257
TP2,巴西,荷兰,221
TP2,巴西,美国,2434
TP2,加拿大,阿联酋,182
TP2,加拿大,澳大利亚,262
TP2,加拿大,巴西,137
TP2,加拿大,瑞士,282
TP2,加拿大,德国,879
TP2,加拿大,西班牙,111
TP2,加拿大,法国,773
TP2,加拿大,北爱尔兰,1502
TP2,加拿大,印度,252
TP2,加拿大,意大利,27
TP2,加拿大,日本,117
TP2,加拿大,荷兰,416
TP2,加拿大,新西兰,146
TP2,加拿大,俄罗斯,2
TP2,加拿大,美国,39865
TP2,瑞士,阿联酋,632
TP2,瑞士,巴西,141
TP2,瑞士,加拿大,299
TP2,瑞士,德国,7339
TP2,瑞士,西班牙,2829
TP2,瑞士,法国,2960
TP2,瑞士,北爱尔兰,8893
TP2,瑞士,印度,163
TP2,瑞士,意大利,2217
TP2,瑞士,日本,14
TP2,瑞士,荷兰,1517
TP2,瑞士,俄罗斯,879
TP2,瑞士,美国,1393
TP2,德国,阿联酋,1934
TP2,德国,澳大利亚,8
TP2,德国,巴西,403
TP2,德国,加拿大,946
TP2,德国,瑞士,7202
TP2,德国,西班牙,9023
TP2,德国,法国,6916
TP2,德国,北爱尔兰,13839
TP2,德国,印度,864
TP2,德国,意大利,9809
TP2,德国,日本,373
TP2,德国,荷兰,3946
TP2,德国,俄罗斯,3662
TP2,德国,美国,6600
TP2,西班牙,阿联酋,488
TP2,西班牙,巴西,382
TP2,西班牙,加拿大,113
TP2,西班牙,瑞士,2884
TP2,西班牙,德国,8919
TP2,西班牙,法国,5767
TP2,西班牙,北爱尔兰,10494
TP2,西班牙,印度,37
TP2,西班牙,意大利,5554
TP2,西班牙,日本,3
TP2,西班牙,荷兰,2595
TP2,西班牙,俄罗斯,852
TP2,西班牙,美国,1745
TP2,法国,阿联酋,801
TP2,法国,澳大利亚,2
TP2,法国,巴西,347
TP2,法国,加拿大,761
TP2,法国,瑞士,3145
TP2,法国,德国,6971
TP2,法国,西班牙,5843
TP2,法国,北爱尔兰,7909
TP2,法国,印度,507
TP2,法国,意大利,5942
TP2,法国,日本,312
TP2,法国,荷兰,1944
TP2,法国,俄罗斯,1093
TP2,法国,美国,3337
TP2,北爱尔兰,阿联酋,2419
TP2,北爱尔兰,澳大利亚,102
TP2,北爱尔兰,巴西,299
TP2,北爱尔兰,加拿大,1475
TP2,北爱尔兰,瑞士,8809
TP2,北爱尔兰,德国,13791
TP2,北爱尔兰,西班牙,9582
TP2,北爱尔兰,法国,7834
TP2,北爱尔兰,印度,1090
TP2,北爱尔兰,意大利,8408
TP2,北爱尔兰,日本,276
TP2,北爱尔兰,荷兰,7554
TP2,北爱尔兰,新西兰,1
TP2,北爱尔兰,俄罗斯,1122
TP2,北爱尔兰,美国,11173
TP2,印度,阿联酋,5410
TP2,印度,澳大利亚,125
TP2,印度,巴西,17
TP2,印度,加拿大,247
TP2,印度,瑞士,175
TP2,印度,德国,1094
TP2,印度,西班牙,42
TP2,印度,法国,377
TP2,印度,北爱尔兰,1245
TP2,印度,意大利,211
TP2,印度,日本,53
TP2,印度,荷兰,262
TP2,印度,新西兰,9
TP2,印度,俄罗斯,212
TP2,印度,美国,743
TP2,意大利,阿联酋,697
TP2,意大利,巴西,240
TP2,意大利,加拿大,25
TP2,意大利,瑞士,2020
TP2,意大利,德国,9693
TP2,意大利,西班牙,5411
TP2,意大利,法国,5505
TP2,意大利,北爱尔兰,8350
TP2,意大利,印度,163
TP2,意大利,日本,5
TP2,意大利,荷兰,1855
TP2,意大利,俄罗斯,2085
TP2,意大利,美国,1058
TP2,日本,阿联酋,131
TP2,日本,澳大利亚,343
TP2,日本,加拿大,94
TP2,日本,瑞士,11
TP2,日本,德国,285
TP2,日本,西班牙,2
TP2,日本,法国,183
TP2,日本,北爱尔兰,159
TP2,日本,印度,35
TP2,日本,意大利,6
TP2,日本,荷兰,146
TP2,日本,新西兰,40
TP2,日本,俄罗斯,23
TP2,日本,美国,1542
TP2,荷兰,阿联酋,909
TP2,荷兰,巴西,332
TP2,荷兰,加拿大,417
TP2,荷兰,瑞士,1658
TP2,荷兰,德国,4322
TP2,荷兰,西班牙,2877
TP2,荷兰,法国,2243
TP2,荷兰,北爱尔兰,8225
TP2,荷兰,印度,283
TP2,荷兰,意大利,2275
TP2,荷兰,日本,109
TP2,荷兰,俄罗斯,622
TP2,荷兰,美国,3270
TP2,新西兰,阿联酋,147
TP2,新西兰,澳大利亚,5257
TP2,新西兰,巴西,8
TP2,新西兰,加拿大,171
TP2,新西兰,德国,1
TP2,新西兰,西班牙,5
TP2,新西兰,北爱尔兰,5
TP2,新西兰,印度,10
TP2,新西兰,意大利,1
TP2,新西兰,日本,45
TP2,新西兰,美国,805
TP2,俄罗斯,阿联酋,1352
TP2,俄罗斯,巴西,3
TP2,俄罗斯,加拿大,4
TP2,俄罗斯,瑞士,954
TP2,俄罗斯,德国,4029
TP2,俄罗斯,西班牙,866
TP2,俄罗斯,法国,1204
TP2,俄罗斯,北爱尔兰,1308
TP2,俄罗斯,印度,227
TP2,俄罗斯,意大利,2157
TP2,俄罗斯,日本,13
TP2,俄罗斯,荷兰,668
TP2,俄罗斯,新西兰,1
TP2,俄罗斯,美国,525
TP2,美国,阿联酋,1385
TP2,美国,澳大利亚,1858
TP2,美国,巴西,2680
TP2,美国,加拿大,41022
TP2,美国,瑞士,1415
TP2,美国,德国,6907
TP2,美国,西班牙,1575
TP2,美国,法国,3321
TP2,美国,北爱尔兰,11652
TP2,美国,印度,779
TP2,美国,意大利,1049
TP2,美国,日本,1795
TP2,美国,荷兰,3537
TP2,美国,新西兰,789
TP2,美国,俄罗斯,505
TP3,澳大利亚,巴西,1
TP3,澳大利亚,加拿大,70
TP3,澳大利亚,瑞士,9
TP3,澳大利亚,德国,31
TP3,澳大利亚,西班牙,12
TP3,澳大利亚,法国,14
TP3,澳大利亚,北爱尔兰,129
TP3,澳大利亚,印度,172
TP3,澳大利亚,意大利,13
TP3,澳大利亚,日本,706
TP3,澳大利亚,荷兰,11
TP3,澳大利亚,新西兰,4793
TP3,澳大利亚,俄罗斯,1
TP3,澳大利亚,土耳其,5
TP3,澳大利亚,美国,2806
TP3,巴西,澳大利亚,2
TP3,巴西,加拿大,243
TP3,巴西,瑞士,400
TP3,巴西,德国,857
TP3,巴西,西班牙,719
TP3,巴西,法国,779
TP3,巴西,北爱尔兰,437
TP3,巴西,印度,2
TP3,巴西,意大利,151
TP3,巴西,日本,4
TP3,巴西,荷兰,896
TP3,巴西,俄罗斯,7
TP3,巴西,土耳其,305
TP3,巴西,美国,5358
TP3,加拿大,澳大利亚,247
TP3,加拿大,巴西,198
TP3,加拿大,瑞士,847
TP3,加拿大,德国,2862
TP3,加拿大,西班牙,398
TP3,加拿大,法国,2873
TP3,加拿大,北爱尔兰,2993
TP3,加拿大,印度,859
TP3,加拿大,意大利,394
TP3,加拿大,日本,738
TP3,加拿大,荷兰,1624
TP3,加拿大,新西兰,20
TP3,加拿大,俄罗斯,31
TP3,加拿大,土耳其,620
TP3,加拿大,美国,64532
TP3,瑞士,澳大利亚,3
TP3,瑞士,巴西,341
TP3,瑞士,加拿大,856
TP3,瑞士,德国,20852
TP3,瑞士,西班牙,14644
TP3,瑞士,法国,10876
TP3,瑞士,北爱尔兰,10902
TP3,瑞士,印度,195
TP3,瑞士,意大利,9369
TP3,瑞士,日本,124
TP3,瑞士,荷兰,5709
TP3,瑞士,俄罗斯,2232
TP3,瑞士,土耳其,4628
TP3,瑞士,美国,3062
TP3,德国,澳大利亚,3
TP3,德国,巴西,1275
TP3,德国,加拿大,3088
TP3,德国,瑞士,20797
TP3,德国,西班牙,49380
TP3,德国,法国,20317
TP3,德国,北爱尔兰,31442
TP3,德国,印度,2478
TP3,德国,意大利,34108
TP3,德国,日本,1763
TP3,德国,荷兰,15502
TP3,德国,俄罗斯,7716
TP3,德国,土耳其,20458
TP3,德国,美国,20165
TP3,西班牙,澳大利亚,1
TP3,西班牙,巴西,612
TP3,西班牙,加拿大,409
TP3,西班牙,瑞士,14597
TP3,西班牙,德国,48925
TP3,西班牙,法国,25937
TP3,西班牙,北爱尔兰,44606
TP3,西班牙,印度,30
TP3,西班牙,意大利,24230
TP3,西班牙,日本,5
TP3,西班牙,荷兰,17693
TP3,西班牙,俄罗斯,1885
TP3,西班牙,土耳其,2227
TP3,西班牙,美国,4803
TP3,法国,澳大利亚,1
TP3,法国,巴西,710
TP3,法国,加拿大,2925
TP3,法国,瑞士,12657
TP3,法国,德国,21128
TP3,法国,西班牙,27781
TP3,法国,北爱尔兰,17251
TP3,法国,印度,1485
TP3,法国,意大利,20859
TP3,法国,日本,1301
TP3,法国,荷兰,8929
TP3,法国,俄罗斯,1797
TP3,法国,土耳其,4244
TP3,法国,美国,10390
TP3,北爱尔兰,澳大利亚,61
TP3,北爱尔兰,巴西,394
TP3,北爱尔兰,加拿大,3395
TP3,北爱尔兰,瑞士,11089
TP3,北爱尔兰,德国,31860
TP3,北爱尔兰,西班牙,44715
TP3,北爱尔兰,法国,15357
TP3,北爱尔兰,印度,3074
TP3,北爱尔兰,意大利,21817
TP3,北爱尔兰,日本,1292
TP3,北爱尔兰,荷兰,16306
TP3,北爱尔兰,俄罗斯,2064
TP3,北爱尔兰,土耳其,6132
TP3,北爱尔兰,美国,25452
TP3,印度,澳大利亚,141
TP3,印度,巴西,16
TP3,印度,加拿大,873
TP3,印度,瑞士,206
TP3,印度,德国,3182
TP3,印度,西班牙,64
TP3,印度,法国,1204
TP3,印度,北爱尔兰,3127
TP3,印度,意大利,240
TP3,印度,日本,524
TP3,印度,荷兰,638
TP3,印度,新西兰,2
TP3,印度,俄罗斯,401
TP3,印度,土耳其,1088
TP3,印度,美国,3080
TP3,意大利,巴西,108
TP3,意大利,加拿大,393
TP3,意大利,瑞士,8203
TP3,意大利,德国,33085
TP3,意大利,西班牙,24086
TP3,意大利,法国,19015
TP3,意大利,北爱尔兰,20911
TP3,意大利,印度,170
TP3,意大利,日本,308
TP3,意大利,荷兰,11025
TP3,意大利,俄罗斯,2708
TP3,意大利,土耳其,2957
TP3,意大利,美国,4756
TP3,日本,澳大利亚,1117
TP3,日本,加拿大,954
TP3,日本,瑞士,147
TP3,日本,德国,1729
TP3,日本,西班牙,10
TP3,日本,法国,1416
TP3,日本,北爱尔兰,1326
TP3,日本,印度,743
TP3,日本,意大利,119
TP3,日本,荷兰,750
TP3,日本,新西兰,93
TP3,日本,俄罗斯,408
TP3,日本,土耳其,195
TP3,日本,美国,16192
TP3,荷兰,巴西,1109
TP3,荷兰,加拿大,1690
TP3,荷兰,瑞士,5776
TP3,荷兰,德国,15967
TP3,荷兰,西班牙,18159
TP3,荷兰,法国,8369
TP3,荷兰,北爱尔兰,16208
TP3,荷兰,印度,606
TP3,荷兰,意大利,12230
TP3,荷兰,日本,472
TP3,荷兰,俄罗斯,1867
TP3,荷兰,土耳其,4126
TP3,荷兰,美国,10889
TP3,新西兰,澳大利亚,4727
TP3,新西兰,巴西,1
TP3,新西兰,加拿大,172
TP3,新西兰,北爱尔兰,1
TP3,新西兰,印度,2
TP3,新西兰,日本,72
TP3,新西兰,美国,1005
TP3,俄罗斯,澳大利亚,7
TP3,俄罗斯,巴西,8
TP3,俄罗斯,加拿大,12
TP3,俄罗斯,瑞士,2198
TP3,俄罗斯,德国,7834
TP3,俄罗斯,西班牙,1403
TP3,俄罗斯,法国,1475
TP3,俄罗斯,北爱尔兰,2512
TP3,俄罗斯,印度,306
TP3,俄罗斯,意大利,2905
TP3,俄罗斯,日本,427
TP3,俄罗斯,荷兰,2012
TP3,俄罗斯,土耳其,10403
TP3,俄罗斯,美国,1085
TP3,土耳其,澳大利亚,3
TP3,土耳其,巴西,254
TP3,土耳其,加拿大,352
TP3,土耳其,瑞士,4389
TP3,土耳其,德国,21514
TP3,土耳其,西班牙,2457
TP3,土耳其,法国,4199
TP3,土耳其,北爱尔兰,6032
TP3,土耳其,印度,924
TP3,土耳其,意大利,3071
TP3,土耳其,日本,129
TP3,土耳其,荷兰,3525
TP3,土耳其,俄罗斯,9687
TP3,土耳其,美国,2624
TP3,美国,澳大利亚,3698
TP3,美国,巴西,5796
TP3,美国,加拿大,69291
TP3,美国,瑞士,3243
TP3,美国,德国,20886
TP3,美国,西班牙,4512
TP3,美国,法国,10501
TP3,美国,北爱尔兰,26061
TP3,美国,印度,3136
TP3,美国,意大利,4952
TP3,美国,日本,12892
TP3,美国,荷兰,12076
TP3,美国,新西兰,1100
TP3,美国,俄罗斯,1323
TP3,美国,土耳其,3375
TP4,澳大利亚,加拿大,157
TP4,澳大利亚,瑞士,4
TP4,澳大利亚,德国,25
TP4,澳大利亚,西班牙,3
TP4,澳大利亚,法国,25
TP4,澳大利亚,北爱尔兰,286
TP4,澳大利亚,印度,402
TP4,澳大利亚,意大利,3
TP4,澳大利亚,日本,270
TP4,澳大利亚,荷兰,8
TP4,澳大利亚,新西兰,1713
TP4,澳大利亚,美国,1222
TP4,加拿大,澳大利亚,155
TP4,加拿大,瑞士,288
TP4,加拿大,德国,1181
TP4,加拿大,西班牙,189
TP4,加拿大,法国,992
TP4,加拿大,北爱尔兰,1818
TP4,加拿大,印度,521
TP4,加拿大,意大利,153
TP4,加拿大,日本,120
TP4,加拿大,荷兰,565
TP4,加拿大,新西兰,48
TP4,加拿大,波兰,129
TP4,加拿大,葡萄牙,383
TP4,加拿大,土耳其,206
TP4,加拿大,美国,45689
TP4,瑞士,澳大利亚,1
TP4,瑞士,加拿大,305
TP4,瑞士,德国,9699
TP4,瑞士,西班牙,6228
TP4,瑞士,法国,6448
TP4,瑞士,北爱尔兰,10737
TP4,瑞士,印度,53
TP4,瑞士,意大利,3724
TP4,瑞士,日本,19
TP4,瑞士,荷兰,3020
TP4,瑞士,波兰,1063
TP4,瑞士,葡萄牙,3013
TP4,瑞士,土耳其,1605
TP4,瑞士,美国,1971
TP4,德国,加拿大,1297
TP4,德国,瑞士,9439
TP4,德国,西班牙,21435
TP4,德国,法国,11576
TP4,德国,北爱尔兰,16246
TP4,德国,印度,807
TP4,德国,意大利,15681
TP4,德国,日本,400
TP4,德国,荷兰,6984
TP4,德国,波兰,6729
TP4,德国,葡萄牙,5118
TP4,德国,土耳其,6821
TP4,德国,美国,8108
TP4,西班牙,澳大利亚,2
TP4,西班牙,加拿大,166
TP4,西班牙,瑞士,5626
TP4,西班牙,德国,20730
TP4,西班牙,法国,12290
TP4,西班牙,北爱尔兰,23573
TP4,西班牙,印度,9
TP4,西班牙,意大利,12057
TP4,西班牙,日本,1
TP4,西班牙,荷兰,6606
TP4,西班牙,波兰,1661
TP4,西班牙,葡萄牙,5929
TP4,西班牙,土耳其,980
TP4,西班牙,美国,2857
TP4,法国,澳大利亚,1
TP4,法国,加拿大,949
TP4,法国,瑞士,6173
TP4,法国,德国,11829
TP4,法国,西班牙,12755
TP4,法国,北爱尔兰,12376
TP4,法国,印度,469
TP4,法国,意大利,12101
TP4,法国,日本,313
TP4,法国,荷兰,4125
TP4,法国,波兰,1913
TP4,法国,葡萄牙,7033
TP4,法国,土耳其,1771
TP4,法国,美国,5380
TP4,北爱尔兰,澳大利亚,255
TP4,北爱尔兰,加拿大,1794
TP4,北爱尔兰,瑞士,9706
TP4,北爱尔兰,德国,16590
TP4,北爱尔兰,西班牙,25104
TP4,北爱尔兰,法国,11947
TP4,北爱尔兰,印度,921
TP4,北爱尔兰,意大利,13602
TP4,北爱尔兰,日本,244
TP4,北爱尔兰,荷兰,11197
TP4,北爱尔兰,波兰,6478
TP4,北爱尔兰,葡萄牙,8430
TP4,北爱尔兰,土耳其,2999
TP4,北爱尔兰,美国,13519
TP4,印度,澳大利亚,378
TP4,印度,加拿大,515
TP4,印度,瑞士,46
TP4,印度,德国,983
TP4,印度,西班牙,10
TP4,印度,法国,393
TP4,印度,北爱尔兰,901
TP4,印度,意大利,33
TP4,印度,日本,219
TP4,印度,荷兰,146
TP4,印度,波兰,80
TP4,印度,葡萄牙,1
TP4,印度,土耳其,295
TP4,印度,美国,978
TP4,意大利,加拿大,149
TP4,意大利,瑞士,3174
TP4,意大利,德国,14956
TP4,意大利,西班牙,11844
TP4,意大利,法国,11297
TP4,意大利,北爱尔兰,13249
TP4,意大利,印度,15
TP4,意大利,日本,37
TP4,意大利,荷兰,5026
TP4,意大利,波兰,2891
TP4,意大利,葡萄牙,2358
TP4,意大利,土耳其,1307
TP4,意大利,美国,2476
TP4,日本,澳大利亚,303
TP4,日本,加拿大,236
TP4,日本,瑞士,41
TP4,日本,德国,367
TP4,日本,西班牙,1
TP4,日本,法国,307
TP4,日本,北爱尔兰,261
TP4,日本,印度,207
TP4,日本,意大利,8
TP4,日本,荷兰,87
TP4,日本,新西兰,42
TP4,日本,波兰,7
TP4,日本,土耳其,89
TP4,日本,美国,4745
TP4,荷兰,澳大利亚,2
TP4,荷兰,加拿大,599
TP4,荷兰,瑞士,2884
TP4,荷兰,德国,7101
TP4,荷兰,西班牙,7134
TP4,荷兰,法国,4099
TP4,荷兰,北爱尔兰,11358
TP4,荷兰,印度,120
TP4,荷兰,意大利,5505
TP4,荷兰,日本,35
TP4,荷兰,波兰,2268
TP4,荷兰,葡萄牙,2500
TP4,荷兰,土耳其,1433
TP4,荷兰,美国,3821
TP4,新西兰,澳大利亚,1654
TP4,新西兰,加拿大,53
TP4,新西兰,德国,2
TP4,新西兰,西班牙,3
TP4,新西兰,北爱尔兰,2
TP4,新西兰,日本,25
TP4,新西兰,荷兰,2
TP4,新西兰,美国,310
TP4,波兰,澳大利亚,1
TP4,波兰,加拿大,124
TP4,波兰,瑞士,1006
TP4,波兰,德国,6892
TP4,波兰,西班牙,1772
TP4,波兰,法国,1992
TP4,波兰,北爱尔兰,6711
TP4,波兰,印度,77
TP4,波兰,意大利,2836
TP4,波兰,日本,4
TP4,波兰,荷兰,2304
TP4,波兰,葡萄牙,428
TP4,波兰,土耳其,330
TP4,波兰,美国,485
TP4,葡萄牙,加拿大,437
TP4,葡萄牙,瑞士,2899
TP4,葡萄牙,德国,5743
TP4,葡萄牙,西班牙,6653
TP4,葡萄牙,法国,7805
TP4,葡萄牙,北爱尔兰,9170
TP4,葡萄牙,印度,4
TP4,葡萄牙,意大利,2712
TP4,葡萄牙,荷兰,2689
TP4,葡萄牙,波兰,486
TP4,葡萄牙,土耳其,235
TP4,葡萄牙,美国,1476
TP4,土耳其,加拿大,164
TP4,土耳其,瑞士,1690
TP4,土耳其,德国,7996
TP4,土耳其,西班牙,1269
TP4,土耳其,法国,2247
TP4,土耳其,北爱尔兰,3155
TP4,土耳其,印度,337
TP4,土耳其,意大利,1691
TP4,土耳其,日本,72
TP4,土耳其,荷兰,1539
TP4,土耳其,波兰,365
TP4,土耳其,葡萄牙,300
TP4,土耳其,美国,1167
TP4,美国,澳大利亚,1510
TP4,美国,加拿大,46915
TP4,美国,瑞士,1959
TP4,美国,德国,8388
TP4,美国,西班牙,2854
TP4,美国,法国,5435
TP4,美国,北爱尔兰,14117
TP4,美国,印度,1013
TP4,美国,意大利,2442
TP4,美国,日本,2756
TP4,美国,荷兰,3929
TP4,美国,新西兰,311
TP4,美国,波兰,515
TP4,美国,葡萄牙,1300
TP4,美国,土耳其,1526
