continent,airport,year,month,flight_count
Africa,FACT,2019,6,1499
Africa,FACT,2019,7,1814
Africa,FACT,2019,8,1992
Africa,FACT,2019,9,2062
Africa,FACT,2019,10,2359
Africa,FACT,2019,11,1968
Africa,FACT,2019,12,2425
Africa,FAOR,2019,1,196
Africa,FAOR,2019,2,99
Africa,FAOR,2019,3,75
Africa,FAOR,2019,4,212
Africa,FAOR,2019,5,4574
Africa,FAOR,2019,6,4514
Africa,FAOR,2019,7,4742
Africa,FAOR,2019,8,4415
Africa,FAOR,2019,9,4453
Africa,FAOR,2019,10,3533
Africa,FAOR,2019,11,5107
Africa,FAOR,2019,12,2357
Africa,LLBG,2019,1,1720
Africa,LLBG,2019,2,2418
Africa,LLBG,2019,3,1256
Africa,LLBG,2019,4,173
Africa,LLBG,2019,5,1156
Africa,LLBG,2019,6,4898
Africa,LLBG,2019,7,5922
Africa,LLBG,2019,8,4656
Africa,LLBG,2019,9,5304
Africa,LLBG,2019,10,6313
Africa,LLBG,2019,11,2694
Africa,LLBG,2019,12,2544
Africa,OBBI,2019,1,3828
Africa,OBBI,2019,2,2926
Africa,OBBI,2019,3,2041
Africa,OBBI,2019,4,3336
Africa,OBBI,2019,5,3530
Africa,OBBI,2019,6,3698
Africa,OBBI,2019,7,3905
Africa,OBBI,2019,8,4085
Africa,OBBI,2019,9,3527
Africa,OBBI,2019,10,3955
Africa,OBBI,2019,11,3738
Africa,OBBI,2019,12,3592
Africa,OERK,2019,1,3045
Africa,OERK,2019,2,3529
Africa,OERK,2019,3,3648
Africa,OERK,2019,4,3447
Africa,OERK,2019,5,3602
Africa,OERK,2019,6,5809
Africa,OERK,2019,7,7576
Africa,OERK,2019,8,6677
Africa,OERK,2019,9,3467
Africa,OERK,2019,10,2398
Africa,OERK,2019,11,1808
Africa,OERK,2019,12,3061
Africa,FACT,2020,1,1814
Africa,FACT,2020,2,2380
Africa,FACT,2020,3,1835
Africa,FACT,2020,4,71
Africa,FACT,2020,5,93
Africa,FACT,2020,6,188
Africa,FACT,2020,7,306
Africa,FACT,2020,8,402
Africa,FACT,2020,9,551
Africa,FACT,2020,10,787
Africa,FACT,2020,11,834
Africa,FACT,2020,12,1505
Africa,FAOR,2020,1,123
Africa,FAOR,2020,2,70
Africa,FAOR,2020,3,151
Africa,FAOR,2020,4,25
Africa,FAOR,2020,5,70
Africa,FAOR,2020,6,68
Africa,FAOR,2020,7,198
Africa,FAOR,2020,8,380
Africa,FAOR,2020,9,439
Africa,FAOR,2020,10,398
Africa,FAOR,2020,11,221
Africa,FAOR,2020,12,692
Africa,LLBG,2020,1,2579
Africa,LLBG,2020,2,2335
Africa,LLBG,2020,3,669
Africa,LLBG,2020,4,83
Africa,LLBG,2020,5,547
Africa,LLBG,2020,6,565
Africa,LLBG,2020,7,789
Africa,LLBG,2020,8,631
Africa,LLBG,2020,9,1078
Africa,LLBG,2020,10,1401
Africa,LLBG,2020,11,1365
Africa,LLBG,2020,12,1411
Africa,OBBI,2020,1,3728
Africa,OBBI,2020,2,3448
Africa,OBBI,2020,3,1798
Africa,OBBI,2020,4,781
Africa,OBBI,2020,5,786
Africa,OBBI,2020,6,949
Africa,OBBI,2020,7,1020
Africa,OBBI,2020,8,1023
Africa,OBBI,2020,9,1073
Africa,OBBI,2020,10,1188
Africa,OBBI,2020,11,1241
Africa,OBBI,2020,12,1413
Africa,OERK,2020,1,4329
Africa,OERK,2020,2,3297
Africa,OERK,2020,3,2257
Africa,OERK,2020,4,257
Africa,OERK,2020,5,612
Africa,OERK,2020,6,1461
Africa,OERK,2020,7,1081
Africa,OERK,2020,8,886
Africa,OERK,2020,9,1010
Africa,OERK,2020,10,1329
Africa,OERK,2020,11,712
Africa,OERK,2020,12,794
Africa,FACT,2021,1,1098
Africa,FACT,2021,2,911
Africa,FACT,2021,3,1337
Africa,FACT,2021,4,1569
Africa,FACT,2021,5,1463
Africa,FACT,2021,6,1335
Africa,FACT,2021,7,772
Africa,FACT,2021,8,946
Africa,FACT,2021,9,1398
Africa,FACT,2021,10,1704
Africa,FACT,2021,11,1879
Africa,FACT,2021,12,2196
Africa,FAOR,2021,1,466
Africa,FAOR,2021,2,722
Africa,FAOR,2021,3,1396
Africa,FAOR,2021,4,1841
Africa,FAOR,2021,5,1995
Africa,FAOR,2021,6,2212
Africa,FAOR,2021,7,1016
Africa,FAOR,2021,8,766
Africa,FAOR,2021,9,2420
Africa,FAOR,2021,10,2744
Africa,FAOR,2021,11,2420
Africa,FAOR,2021,12,2403
Africa,LLBG,2021,1,893
Africa,LLBG,2021,2,784
Africa,LLBG,2021,3,1416
Africa,LLBG,2021,4,1947
Africa,LLBG,2021,5,1987
Africa,LLBG,2021,6,3054
Africa,LLBG,2021,7,4268
Africa,LLBG,2021,8,3143
Africa,LLBG,2021,9,1918
Africa,LLBG,2021,10,2688
Africa,LLBG,2021,11,3537
Africa,LLBG,2021,12,3824
Africa,OBBI,2021,1,1411
Africa,OBBI,2021,2,1227
Africa,OBBI,2021,3,1448
Africa,OBBI,2021,4,1527
Africa,OBBI,2021,5,1697
Africa,OBBI,2021,6,1829
Africa,OBBI,2021,7,1946
Africa,OBBI,2021,8,2107
Africa,OBBI,2021,9,2036
Africa,OBBI,2021,10,2035
Africa,OBBI,2021,11,2104
Africa,OBBI,2021,12,2150
Africa,OERK,2021,1,982
Africa,OERK,2021,2,929
Africa,OERK,2021,3,1017
Africa,OERK,2021,4,1400
Africa,OERK,2021,5,1541
Africa,OERK,2021,6,2531
Africa,OERK,2021,7,2014
Africa,OERK,2021,8,2152
Africa,OERK,2021,9,2363
Africa,OERK,2021,10,1439
Africa,OERK,2021,11,1981
Africa,OERK,2021,12,2025
Africa,FACT,2022,1,2114
Africa,FACT,2022,2,1915
Africa,FACT,2022,3,2148
Africa,FACT,2022,4,2206
Africa,FACT,2022,5,2132
Africa,FAOR,2022,1,1369
Africa,FAOR,2022,2,602
Africa,FAOR,2022,3,2180
Africa,FAOR,2022,4,3194
Africa,FAOR,2022,5,3772
Africa,LLBG,2022,1,2697
Africa,LLBG,2022,2,2550
Africa,LLBG,2022,3,4145
Africa,LLBG,2022,4,5448
Africa,LLBG,2022,5,5307
Africa,OBBI,2022,1,2100
Africa,OBBI,2022,2,1964
Africa,OBBI,2022,3,2472
Africa,OBBI,2022,4,2355
Africa,OBBI,2022,5,2892
Africa,OERK,2022,1,1792
Africa,OERK,2022,2,1939
Africa,OERK,2022,3,1815
Africa,OERK,2022,4,1904
Africa,OERK,2022,5,2588
Asia,OMDB,2019,1,16622
Asia,OMDB,2019,2,15519
Asia,OMDB,2019,3,16626
Asia,OMDB,2019,4,13419
Asia,OMDB,2019,5,11219
Asia,OMDB,2019,6,15754
Asia,OMDB,2019,7,16481
Asia,OMDB,2019,8,16500
Asia,OMDB,2019,9,15215
Asia,OMDB,2019,10,16294
Asia,OMDB,2019,11,15668
Asia,OMDB,2019,12,15991
Asia,RJTT,2019,1,6287
Asia,RJTT,2019,2,4756
Asia,RJTT,2019,3,4722
Asia,RJTT,2019,4,3554
Asia,RJTT,2019,5,3200
Asia,RJTT,2019,6,2945
Asia,RJTT,2019,7,5713
Asia,RJTT,2019,8,3699
Asia,RJTT,2019,9,6265
Asia,RJTT,2019,10,4260
Asia,RJTT,2019,11,4157
Asia,RJTT,2019,12,2327
Asia,VHHH,2019,1,7339
Asia,VHHH,2019,2,11535
Asia,VHHH,2019,3,8500
Asia,VHHH,2019,4,5591
Asia,VHHH,2019,5,9499
Asia,VHHH,2019,6,17026
Asia,VHHH,2019,7,17871
Asia,VHHH,2019,8,16359
Asia,VHHH,2019,9,15436
Asia,VHHH,2019,10,16919
Asia,VHHH,2019,11,16088
Asia,VHHH,2019,12,16276
Asia,VIDP,2019,1,18214
Asia,VIDP,2019,2,15706
Asia,VIDP,2019,3,16867
Asia,VIDP,2019,4,16102
Asia,VIDP,2019,5,17153
Asia,VIDP,2019,6,15402
Asia,VIDP,2019,7,15722
Asia,VIDP,2019,8,17977
Asia,VIDP,2019,9,15638
Asia,VIDP,2019,10,17522
Asia,VIDP,2019,11,17968
Asia,VIDP,2019,12,17747
Asia,ZGSZ,2019,1,752
Asia,ZGSZ,2019,2,1489
Asia,ZGSZ,2019,3,1676
Asia,ZGSZ,2019,4,4557
Asia,ZGSZ,2019,5,5232
Asia,ZGSZ,2019,6,8391
Asia,ZGSZ,2019,7,9319
Asia,ZGSZ,2019,8,12509
Asia,ZGSZ,2019,9,12543
Asia,ZGSZ,2019,10,13625
Asia,ZGSZ,2019,11,13549
Asia,ZGSZ,2019,12,12867
Asia,OMDB,2020,1,16049
Asia,OMDB,2020,2,12720
Asia,OMDB,2020,3,8830
Asia,OMDB,2020,4,1925
Asia,OMDB,2020,5,2945
Asia,OMDB,2020,6,3537
Asia,OMDB,2020,7,4746
Asia,OMDB,2020,8,5652
Asia,OMDB,2020,9,6214
Asia,OMDB,2020,10,7547
Asia,OMDB,2020,11,7496
Asia,OMDB,2020,12,8590
Asia,RJTT,2020,1,13579
Asia,RJTT,2020,2,11270
Asia,RJTT,2020,3,9952
Asia,RJTT,2020,4,4917
Asia,RJTT,2020,5,1928
Asia,RJTT,2020,6,3706
Asia,RJTT,2020,7,5407
Asia,RJTT,2020,8,8175
Asia,RJTT,2020,9,7601
Asia,RJTT,2020,10,8626
Asia,RJTT,2020,11,10343
Asia,RJTT,2020,12,10605
Asia,VHHH,2020,1,15811
Asia,VHHH,2020,2,9215
Asia,VHHH,2020,3,6237
Asia,VHHH,2020,4,4994
Asia,VHHH,2020,5,5914
Asia,VHHH,2020,6,5289
Asia,VHHH,2020,7,5016
Asia,VHHH,2020,8,5061
Asia,VHHH,2020,9,5390
Asia,VHHH,2020,10,5568
Asia,VHHH,2020,11,6361
Asia,VHHH,2020,12,6378
Asia,VIDP,2020,1,17496
Asia,VIDP,2020,2,16725
Asia,VIDP,2020,3,13080
Asia,VIDP,2020,4,538
Asia,VIDP,2020,5,1862
Asia,VIDP,2020,6,5739
Asia,VIDP,2020,7,6254
Asia,VIDP,2020,8,6768
Asia,VIDP,2020,9,5254
Asia,VIDP,2020,10,9672
Asia,VIDP,2020,11,10012
Asia,VIDP,2020,12,11941
Asia,ZGSZ,2020,1,11728
Asia,ZGSZ,2020,2,4583
Asia,ZGSZ,2020,3,7010
Asia,ZGSZ,2020,4,7852
Asia,ZGSZ,2020,5,10953
Asia,ZGSZ,2020,6,11732
Asia,ZGSZ,2020,7,10885
Asia,ZGSZ,2020,8,10215
Asia,ZGSZ,2020,9,10694
Asia,ZGSZ,2020,10,13069
Asia,ZGSZ,2020,11,13389
Asia,ZGSZ,2020,12,14259
Asia,OMDB,2021,1,8096
Asia,OMDB,2021,2,6206
Asia,OMDB,2021,3,8196
Asia,OMDB,2021,4,7978
Asia,OMDB,2021,5,7187
Asia,OMDB,2021,6,7569
Asia,OMDB,2021,7,7207
Asia,OMDB,2021,8,8663
Asia,OMDB,2021,9,8659
Asia,OMDB,2021,10,10526
Asia,OMDB,2021,11,1599
Asia,OMDB,2021,12,685
Asia,RJTT,2021,1,8904
Asia,RJTT,2021,2,5973
Asia,RJTT,2021,3,9294
Asia,RJTT,2021,4,11153
Asia,RJTT,2021,5,9975
Asia,RJTT,2021,6,9964
Asia,RJTT,2021,7,11439
Asia,RJTT,2021,8,12292
Asia,RJTT,2021,9,10310
Asia,RJTT,2021,10,11599
Asia,RJTT,2021,11,13229
Asia,RJTT,2021,12,15826
Asia,VHHH,2021,1,5665
Asia,VHHH,2021,2,4310
Asia,VHHH,2021,3,5330
Asia,VHHH,2021,4,5317
Asia,VHHH,2021,5,5379
Asia,VHHH,2021,6,5568
Asia,VHHH,2021,7,5865
Asia,VHHH,2021,8,5891
Asia,VHHH,2021,9,6141
Asia,VHHH,2021,10,2805
Asia,VHHH,2021,11,3866
Asia,VHHH,2021,12,3660
Asia,VIDP,2021,1,13162
Asia,VIDP,2021,2,12677
Asia,VIDP,2021,3,13790
Asia,VIDP,2021,4,12424
Asia,VIDP,2021,5,6603
Asia,VIDP,2021,6,7457
Asia,VIDP,2021,7,10052
Asia,VIDP,2021,8,12169
Asia,VIDP,2021,9,12346
Asia,VIDP,2021,10,14930
Asia,VIDP,2021,11,16495
Asia,VIDP,2021,12,18180
Asia,ZGSZ,2021,1,10887
Asia,ZGSZ,2021,2,7575
Asia,ZGSZ,2021,3,10945
Asia,ZGSZ,2021,4,8536
Asia,ZGSZ,2021,5,6012
Asia,ZGSZ,2021,6,3676
Asia,ZGSZ,2021,7,4369
Asia,ZGSZ,2021,8,4177
Asia,ZGSZ,2021,9,6043
Asia,ZGSZ,2021,10,4809
Asia,ZGSZ,2021,11,4459
Asia,ZGSZ,2021,12,5235
Asia,OMDB,2022,1,10915
Asia,OMDB,2022,2,11618
Asia,OMDB,2022,3,13852
Asia,OMDB,2022,4,12865
Asia,OMDB,2022,5,10654
Asia,RJTT,2022,1,15858
Asia,RJTT,2022,2,10433
Asia,RJTT,2022,3,13752
Asia,RJTT,2022,4,14486
Asia,RJTT,2022,5,15611
Asia,VHHH,2022,1,3117
Asia,VHHH,2022,2,2022
Asia,VHHH,2022,3,2707
Asia,VHHH,2022,4,2900
Asia,VHHH,2022,5,2720
Asia,VIDP,2022,1,13365
Asia,VIDP,2022,2,12732
Asia,VIDP,2022,3,16819
Asia,VIDP,2022,4,17064
Asia,VIDP,2022,5,17323
Asia,ZGSZ,2022,1,3881
Asia,ZGSZ,2022,2,4096
Asia,ZGSZ,2022,3,1226
Asia,ZGSZ,2022,4,599
Asia,ZGSZ,2022,5,2
Europe,EDDF,2019,1,15784
Europe,EDDF,2019,2,15821
Europe,EDDF,2019,3,16773
Europe,EDDF,2019,4,16847
Europe,EDDF,2019,5,18268
Europe,EDDF,2019,6,18081
Europe,EDDF,2019,7,18776
Europe,EDDF,2019,8,18938
Europe,EDDF,2019,9,18557
Europe,EDDF,2019,10,19266
Europe,EDDF,2019,11,16158
Europe,EDDF,2019,12,15317
Europe,EGLL,2019,1,15575
Europe,EGLL,2019,2,17355
Europe,EGLL,2019,3,19579
Europe,EGLL,2019,4,19612
Europe,EGLL,2019,5,20097
Europe,EGLL,2019,6,19626
Europe,EGLL,2019,7,20437
Europe,EGLL,2019,8,20138
Europe,EGLL,2019,9,17880
Europe,EGLL,2019,10,20123
Europe,EGLL,2019,11,18501
Europe,EGLL,2019,12,18134
Europe,EHAM,2019,1,12353
Europe,EHAM,2019,2,12141
Europe,EHAM,2019,3,14871
Europe,EHAM,2019,4,16731
Europe,EHAM,2019,5,17461
Europe,EHAM,2019,6,15661
Europe,EHAM,2019,7,17447
Europe,EHAM,2019,8,16066
Europe,EHAM,2019,9,16020
Europe,EHAM,2019,10,18868
Europe,EHAM,2019,11,15142
Europe,EHAM,2019,12,13666
Europe,LEMD,2019,1,14591
Europe,LEMD,2019,2,13547
Europe,LEMD,2019,3,15100
Europe,LEMD,2019,4,15417
Europe,LEMD,2019,5,16552
Europe,LEMD,2019,6,13826
Europe,LEMD,2019,7,17664
Europe,LEMD,2019,8,16947
Europe,LEMD,2019,9,16203
Europe,LEMD,2019,10,17059
Europe,LEMD,2019,11,15570
Europe,LEMD,2019,12,12094
Europe,LFPG,2019,1,15376
Europe,LFPG,2019,2,15273
Europe,LFPG,2019,3,17558
Europe,LFPG,2019,4,18835
Europe,LFPG,2019,5,19238
Europe,LFPG,2019,6,19125
Europe,LFPG,2019,7,20628
Europe,LFPG,2019,8,20815
Europe,LFPG,2019,9,19198
Europe,LFPG,2019,10,20180
Europe,LFPG,2019,11,17464
Europe,LFPG,2019,12,17227
Europe,EDDF,2020,1,15904
Europe,EDDF,2020,2,16437
Europe,EDDF,2020,3,10551
Europe,EDDF,2020,4,3120
Europe,EDDF,2020,5,3790
Europe,EDDF,2020,6,4508
Europe,EDDF,2020,7,7261
Europe,EDDF,2020,8,8333
Europe,EDDF,2020,9,8121
Europe,EDDF,2020,10,8212
Europe,EDDF,2020,11,6115
Europe,EDDF,2020,12,6534
Europe,EGLL,2020,1,18340
Europe,EGLL,2020,2,17321
Europe,EGLL,2020,3,12920
Europe,EGLL,2020,4,2590
Europe,EGLL,2020,5,3389
Europe,EGLL,2020,6,3731
Europe,EGLL,2020,7,5982
Europe,EGLL,2020,8,7632
Europe,EGLL,2020,9,7282
Europe,EGLL,2020,10,9007
Europe,EGLL,2020,11,5764
Europe,EGLL,2020,12,6382
Europe,EHAM,2020,1,13554
Europe,EHAM,2020,2,13767
Europe,EHAM,2020,3,10169
Europe,EHAM,2020,4,1935
Europe,EHAM,2020,5,2889
Europe,EHAM,2020,6,3863
Europe,EHAM,2020,7,6821
Europe,EHAM,2020,8,9650
Europe,EHAM,2020,9,9422
Europe,EHAM,2020,10,8852
Europe,EHAM,2020,11,6793
Europe,EHAM,2020,12,7455
Europe,LEMD,2020,1,12903
Europe,LEMD,2020,2,14662
Europe,LEMD,2020,3,8600
Europe,LEMD,2020,4,979
Europe,LEMD,2020,5,997
Europe,LEMD,2020,6,1640
Europe,LEMD,2020,7,4829
Europe,LEMD,2020,8,7080
Europe,LEMD,2020,9,5805
Europe,LEMD,2020,10,5482
Europe,LEMD,2020,11,4511
Europe,LEMD,2020,12,5189
Europe,LFPG,2020,1,16889
Europe,LFPG,2020,2,16349
Europe,LFPG,2020,3,11027
Europe,LFPG,2020,4,2017
Europe,LFPG,2020,5,2819
Europe,LFPG,2020,6,4695
Europe,LFPG,2020,7,8904
Europe,LFPG,2020,8,10778
Europe,LFPG,2020,9,8645
Europe,LFPG,2020,10,7816
Europe,LFPG,2020,11,5512
Europe,LFPG,2020,12,6563
Europe,EDDF,2021,1,6355
Europe,EDDF,2021,2,5385
Europe,EDDF,2021,3,6356
Europe,EDDF,2021,4,7457
Europe,EDDF,2021,5,7956
Europe,EDDF,2021,6,9594
Europe,EDDF,2021,7,13260
Europe,EDDF,2021,8,13862
Europe,EDDF,2021,9,12587
Europe,EDDF,2021,10,13795
Europe,EDDF,2021,11,13489
Europe,EDDF,2021,12,13606
Europe,EGLL,2021,1,4945
Europe,EGLL,2021,2,4023
Europe,EGLL,2021,3,4671
Europe,EGLL,2021,4,5080
Europe,EGLL,2021,5,5482
Europe,EGLL,2021,6,6700
Europe,EGLL,2021,7,8239
Europe,EGLL,2021,8,9571
Europe,EGLL,2021,9,10007
Europe,EGLL,2021,10,11603
Europe,EGLL,2021,11,11565
Europe,EGLL,2021,12,12467
Europe,EHAM,2021,1,6965
Europe,EHAM,2021,2,5224
Europe,EHAM,2021,3,5956
Europe,EHAM,2021,4,6845
Europe,EHAM,2021,5,7598
Europe,EHAM,2021,6,9661
Europe,EHAM,2021,7,14187
Europe,EHAM,2021,8,15563
Europe,EHAM,2021,9,14066
Europe,EHAM,2021,10,15183
Europe,EHAM,2021,11,13711
Europe,EHAM,2021,12,14959
Europe,LEMD,2021,1,4789
Europe,LEMD,2021,2,4573
Europe,LEMD,2021,3,5261
Europe,LEMD,2021,4,5833
Europe,LEMD,2021,5,6523
Europe,LEMD,2021,6,8543
Europe,LEMD,2021,7,11328
Europe,LEMD,2021,8,11450
Europe,LEMD,2021,9,10454
Europe,LEMD,2021,10,10991
Europe,LEMD,2021,11,11314
Europe,LEMD,2021,12,12304
Europe,LFPG,2021,1,6647
Europe,LFPG,2021,2,5792
Europe,LFPG,2021,3,6370
Europe,LFPG,2021,4,6604
Europe,LFPG,2021,5,6794
Europe,LFPG,2021,6,8858
Europe,LFPG,2021,7,13117
Europe,LFPG,2021,8,14260
Europe,LFPG,2021,9,11458
Europe,LFPG,2021,10,12073
Europe,LFPG,2021,11,13038
Europe,LFPG,2021,12,14405
Europe,EDDF,2022,1,12061
Europe,EDDF,2022,2,10572
Europe,EDDF,2022,3,12703
Europe,EDDF,2022,4,15843
Europe,EDDF,2022,5,17443
Europe,EGLL,2022,1,11051
Europe,EGLL,2022,2,9749
Europe,EGLL,2022,3,13515
Europe,EGLL,2022,4,16291
Europe,EGLL,2022,5,17043
Europe,EHAM,2022,1,13201
Europe,EHAM,2022,2,11581
Europe,EHAM,2022,3,14421
Europe,EHAM,2022,4,17138
Europe,EHAM,2022,5,18804
Europe,LEMD,2022,1,11612
Europe,LEMD,2022,2,10468
Europe,LEMD,2022,3,12517
Europe,LEMD,2022,4,13942
Europe,LEMD,2022,5,14475
Europe,LFPG,2022,1,12312
Europe,LFPG,2022,2,11037
Europe,LFPG,2022,3,14015
Europe,LFPG,2022,4,16481
Europe,LFPG,2022,5,17564
North Americas,KATL,2019,1,126
North Americas,KATL,2019,2,124
North Americas,KATL,2019,3,220
North Americas,KATL,2019,4,1090
North Americas,KATL,2019,5,14514
North Americas,KATL,2019,6,22255
North Americas,KATL,2019,7,27610
North Americas,KATL,2019,8,21838
North Americas,KATL,2019,9,8528
North Americas,KATL,2019,10,10114
North Americas,KATL,2019,11,17486
North Americas,KATL,2019,12,33945
North Americas,KDFW,2019,1,21676
North Americas,KDFW,2019,2,19765
North Americas,KDFW,2019,3,23030
North Americas,KDFW,2019,4,22264
North Americas,KDFW,2019,5,24592
North Americas,KDFW,2019,6,24563
North Americas,KDFW,2019,7,26573
North Americas,KDFW,2019,8,26773
North Americas,KDFW,2019,9,24835
North Americas,KDFW,2019,10,27901
North Americas,KDFW,2019,11,27317
North Americas,KDFW,2019,12,27995
North Americas,KLAS,2019,1,16033
North Americas,KLAS,2019,2,14717
North Americas,KLAS,2019,3,17751
North Americas,KLAS,2019,4,18140
North Americas,KLAS,2019,5,20209
North Americas,KLAS,2019,6,18945
North Americas,KLAS,2019,7,19782
North Americas,KLAS,2019,8,20801
North Americas,KLAS,2019,9,20054
North Americas,KLAS,2019,10,22303
North Americas,KLAS,2019,11,20095
North Americas,KLAS,2019,12,19505
North Americas,KLAX,2019,1,16360
North Americas,KLAX,2019,2,11181
North Americas,KLAX,2019,3,9993
North Americas,KLAX,2019,4,12085
North Americas,KLAX,2019,5,8060
North Americas,KLAX,2019,6,10164
North Americas,KLAX,2019,7,20758
North Americas,KLAX,2019,8,26835
North Americas,KLAX,2019,9,22049
North Americas,KLAX,2019,10,24395
North Americas,KLAX,2019,11,23428
North Americas,KLAX,2019,12,24745
North Americas,KORD,2019,1,19883
North Americas,KORD,2019,2,21499
North Americas,KORD,2019,3,27603
North Americas,KORD,2019,4,26937
North Americas,KORD,2019,5,23596
North Americas,KORD,2019,6,15851
North Americas,KORD,2019,7,26730
North Americas,KORD,2019,8,30950
North Americas,KORD,2019,9,29129
North Americas,KORD,2019,10,37969
North Americas,KORD,2019,11,35430
North Americas,KORD,2019,12,36406
North Americas,KATL,2020,1,35770
North Americas,KATL,2020,2,33976
North Americas,KATL,2020,3,30610
North Americas,KATL,2020,4,10106
North Americas,KATL,2020,5,9202
North Americas,KATL,2020,6,12077
North Americas,KATL,2020,7,19569
North Americas,KATL,2020,8,23390
North Americas,KATL,2020,9,21930
North Americas,KATL,2020,10,23246
North Americas,KATL,2020,11,24024
North Americas,KATL,2020,12,26076
North Americas,KDFW,2020,1,27534
North Americas,KDFW,2020,2,26830
North Americas,KDFW,2020,3,25121
North Americas,KDFW,2020,4,11794
North Americas,KDFW,2020,5,13368
North Americas,KDFW,2020,6,14252
North Americas,KDFW,2020,7,19238
North Americas,KDFW,2020,8,19794
North Americas,KDFW,2020,9,19185
North Americas,KDFW,2020,10,20573
North Americas,KDFW,2020,11,19902
North Americas,KDFW,2020,12,21954
North Americas,KLAS,2020,1,21195
North Americas,KLAS,2020,2,19480
North Americas,KLAS,2020,3,14547
North Americas,KLAS,2020,4,4628
North Americas,KLAS,2020,5,5340
North Americas,KLAS,2020,6,8846
North Americas,KLAS,2020,7,11764
North Americas,KLAS,2020,8,12462
North Americas,KLAS,2020,9,11281
North Americas,KLAS,2020,10,12973
North Americas,KLAS,2020,11,12437
North Americas,KLAS,2020,12,11591
North Americas,KLAX,2020,1,23659
North Americas,KLAX,2020,2,22600
North Americas,KLAX,2020,3,20718
North Americas,KLAX,2020,4,7097
North Americas,KLAX,2020,5,6748
North Americas,KLAX,2020,6,8198
North Americas,KLAX,2020,7,12198
North Americas,KLAX,2020,8,13235
North Americas,KLAX,2020,9,12262
North Americas,KLAX,2020,10,13141
North Americas,KLAX,2020,11,14019
North Americas,KLAX,2020,12,14466
North Americas,KORD,2020,1,34480
North Americas,KORD,2020,2,33538
North Americas,KORD,2020,3,32048
North Americas,KORD,2020,4,12046
North Americas,KORD,2020,5,10900
North Americas,KORD,2020,6,11522
North Americas,KORD,2020,7,18956
North Americas,KORD,2020,8,21363
North Americas,KORD,2020,9,20059
North Americas,KORD,2020,10,20103
North Americas,KORD,2020,11,19167
North Americas,KORD,2020,12,19376
North Americas,KATL,2021,1,25028
North Americas,KATL,2021,2,22590
North Americas,KATL,2021,3,28000
North Americas,KATL,2021,4,28726
North Americas,KATL,2021,5,29358
North Americas,KATL,2021,6,30652
North Americas,KATL,2021,7,31457
North Americas,KATL,2021,8,31216
North Americas,KATL,2021,9,27902
North Americas,KATL,2021,10,30505
North Americas,KATL,2021,11,28934
North Americas,KATL,2021,12,29872
North Americas,KDFW,2021,1,21871
North Americas,KDFW,2021,2,16833
North Americas,KDFW,2021,3,22932
North Americas,KDFW,2021,4,23423
North Americas,KDFW,2021,5,25330
North Americas,KDFW,2021,6,28127
North Americas,KDFW,2021,7,29366
North Americas,KDFW,2021,8,26785
North Americas,KDFW,2021,9,24278
North Americas,KDFW,2021,10,26378
North Americas,KDFW,2021,11,25035
North Americas,KDFW,2021,12,26482
North Americas,KLAS,2021,1,10792
North Americas,KLAS,2021,2,10565
North Americas,KLAS,2021,3,14138
North Americas,KLAS,2021,4,15346
North Americas,KLAS,2021,5,16881
North Americas,KLAS,2021,6,18455
North Americas,KLAS,2021,7,19980
North Americas,KLAS,2021,8,19816
North Americas,KLAS,2021,9,19394
North Americas,KLAS,2021,10,21964
North Americas,KLAS,2021,11,19419
North Americas,KLAS,2021,12,19656
North Americas,KLAX,2021,1,14011
North Americas,KLAX,2021,2,12427
North Americas,KLAX,2021,3,15627
North Americas,KLAX,2021,4,16761
North Americas,KLAX,2021,5,17962
North Americas,KLAX,2021,6,21402
North Americas,KLAX,2021,7,23381
North Americas,KLAX,2021,8,23443
North Americas,KLAX,2021,9,20488
North Americas,KLAX,2021,10,21512
North Americas,KLAX,2021,11,21220
North Americas,KLAX,2021,12,22669
North Americas,KORD,2021,1,17382
North Americas,KORD,2021,2,16415
North Americas,KORD,2021,3,21057
North Americas,KORD,2021,4,22836
North Americas,KORD,2021,5,26002
North Americas,KORD,2021,6,31025
North Americas,KORD,2021,7,35206
North Americas,KORD,2021,8,34126
North Americas,KORD,2021,9,30611
North Americas,KORD,2021,10,32550
North Americas,KORD,2021,11,29357
North Americas,KORD,2021,12,30551
North Americas,KATL,2022,1,27969
North Americas,KATL,2022,2,24873
North Americas,KATL,2022,3,29191
North Americas,KATL,2022,4,29037
North Americas,KATL,2022,5,30048
North Americas,KDFW,2022,1,25339
North Americas,KDFW,2022,2,19569
North Americas,KDFW,2022,3,21235
North Americas,KDFW,2022,4,22649
North Americas,KDFW,2022,5,24960
North Americas,KLAS,2022,1,18293
North Americas,KLAS,2022,2,17058
North Americas,KLAS,2022,3,20764
North Americas,KLAS,2022,4,20671
North Americas,KLAS,2022,5,21998
North Americas,KLAX,2022,1,21209
North Americas,KLAX,2022,2,18224
North Americas,KLAX,2022,3,21057
North Americas,KLAX,2022,4,21468
North Americas,KLAX,2022,5,21842
North Americas,KORD,2022,1,26756
North Americas,KORD,2022,2,23977
North Americas,KORD,2022,3,28972
North Americas,KORD,2022,4,29291
North Americas,KORD,2022,5,29715
Oceania,YBBN,2019,1,8710
Oceania,YBBN,2019,2,8093
Oceania,YBBN,2019,3,8822
Oceania,YBBN,2019,4,8825
Oceania,YBBN,2019,5,8936
Oceania,YBBN,2019,6,8514
Oceania,YBBN,2019,7,9470
Oceania,YBBN,2019,8,9143
Oceania,YBBN,2019,9,8671
Oceania,YBBN,2019,10,9348
Oceania,YBBN,2019,11,8804
Oceania,YBBN,2019,12,8800
Oceania,YMML,2019,1,10506
Oceania,YMML,2019,2,9388
Oceania,YMML,2019,3,10244
Oceania,YMML,2019,4,10104
Oceania,YMML,2019,5,9845
Oceania,YMML,2019,6,9591
Oceania,YMML,2019,7,10552
Oceania,YMML,2019,8,9952
Oceania,YMML,2019,9,9641
Oceania,YMML,2019,10,10537
Oceania,YMML,2019,11,10048
Oceania,YMML,2019,12,10303
Oceania,YPPH,2019,1,5495
Oceania,YPPH,2019,2,4949
Oceania,YPPH,2019,3,5372
Oceania,YPPH,2019,4,5375
Oceania,YPPH,2019,5,5543
Oceania,YPPH,2019,6,5227
Oceania,YPPH,2019,7,5763
Oceania,YPPH,2019,8,5461
Oceania,YPPH,2019,9,5219
Oceania,YPPH,2019,10,5883
Oceania,YPPH,2019,11,5412
Oceania,YPPH,2019,12,5552
Oceania,YSBK,2019,1,2767
Oceania,YSBK,2019,2,2964
Oceania,YSBK,2019,3,3227
Oceania,YSBK,2019,4,2913
Oceania,YSBK,2019,5,3259
Oceania,YSBK,2019,6,2797
Oceania,YSBK,2019,7,2969
Oceania,YSBK,2019,8,2788
Oceania,YSBK,2019,9,2919
Oceania,YSBK,2019,10,3120
Oceania,YSBK,2019,11,2777
Oceania,YSBK,2019,12,2205
Oceania,YSSY,2019,1,13992
Oceania,YSSY,2019,2,13270
Oceania,YSSY,2019,3,14572
Oceania,YSSY,2019,4,14251
Oceania,YSSY,2019,5,14311
Oceania,YSSY,2019,6,13582
Oceania,YSSY,2019,7,14669
Oceania,YSSY,2019,8,14137
Oceania,YSSY,2019,9,13648
Oceania,YSSY,2019,10,15129
Oceania,YSSY,2019,11,14263
Oceania,YSSY,2019,12,13945
Oceania,YBBN,2020,1,8697
Oceania,YBBN,2020,2,8124
Oceania,YBBN,2020,3,7181
Oceania,YBBN,2020,4,2233
Oceania,YBBN,2020,5,2149
Oceania,YBBN,2020,6,2563
Oceania,YBBN,2020,7,3485
Oceania,YBBN,2020,8,3556
Oceania,YBBN,2020,9,3631
Oceania,YBBN,2020,10,3708
Oceania,YBBN,2020,11,3961
Oceania,YBBN,2020,12,5600
Oceania,YMML,2020,1,10174
Oceania,YMML,2020,2,9302
Oceania,YMML,2020,3,7771
Oceania,YMML,2020,4,1203
Oceania,YMML,2020,5,1244
Oceania,YMML,2020,6,1479
Oceania,YMML,2020,7,1405
Oceania,YMML,2020,8,1044
Oceania,YMML,2020,9,1125
Oceania,YMML,2020,10,1162
Oceania,YMML,2020,11,1589
Oceania,YMML,2020,12,4185
Oceania,YPPH,2020,1,5686
Oceania,YPPH,2020,2,5191
Oceania,YPPH,2020,3,5165
Oceania,YPPH,2020,4,2847
Oceania,YPPH,2020,5,2538
Oceania,YPPH,2020,6,2921
Oceania,YPPH,2020,7,3485
Oceania,YPPH,2020,8,3368
Oceania,YPPH,2020,9,3660
Oceania,YPPH,2020,10,3837
Oceania,YPPH,2020,11,3728
Oceania,YPPH,2020,12,4416
Oceania,YSBK,2020,1,2492
Oceania,YSBK,2020,2,2701
Oceania,YSBK,2020,3,2420
Oceania,YSBK,2020,4,1605
Oceania,YSBK,2020,5,2061
Oceania,YSBK,2020,6,2765
Oceania,YSBK,2020,7,2690
Oceania,YSBK,2020,8,2664
Oceania,YSBK,2020,9,2916
Oceania,YSBK,2020,10,2816
Oceania,YSBK,2020,11,2981
Oceania,YSBK,2020,12,2273
Oceania,YSSY,2020,1,13671
Oceania,YSSY,2020,2,12931
Oceania,YSSY,2020,3,10784
Oceania,YSSY,2020,4,2108
Oceania,YSSY,2020,5,2280
Oceania,YSSY,2020,6,2609
Oceania,YSSY,2020,7,3364
Oceania,YSSY,2020,8,2850
Oceania,YSSY,2020,9,2924
Oceania,YSSY,2020,10,3501
Oceania,YSSY,2020,11,4285
Oceania,YSSY,2020,12,6073
Oceania,YBBN,2021,1,4726
Oceania,YBBN,2021,2,4617
Oceania,YBBN,2021,3,5852
Oceania,YBBN,2021,4,5914
Oceania,YBBN,2021,5,6332
Oceania,YBBN,2021,6,6185
Oceania,YBBN,2021,7,5002
Oceania,YBBN,2021,8,3417
Oceania,YBBN,2021,9,3873
Oceania,YBBN,2021,10,4319
Oceania,YBBN,2021,11,4387
Oceania,YBBN,2021,12,6073
Oceania,YMML,2021,1,3740
Oceania,YMML,2021,2,3067
Oceania,YMML,2021,3,5016
Oceania,YMML,2021,4,6885
Oceania,YMML,2021,5,6749
Oceania,YMML,2021,6,3557
Oceania,YMML,2021,7,3698
Oceania,YMML,2021,8,1809
Oceania,YMML,2021,9,1479
Oceania,YMML,2021,10,1625
Oceania,YMML,2021,11,2763
Oceania,YMML,2021,12,6220
Oceania,YPPH,2021,1,3993
Oceania,YPPH,2021,2,3662
Oceania,YPPH,2021,3,4638
Oceania,YPPH,2021,4,4652
Oceania,YPPH,2021,5,4581
Oceania,YPPH,2021,6,4550
Oceania,YPPH,2021,7,4349
Oceania,YPPH,2021,8,4267
Oceania,YPPH,2021,9,4251
Oceania,YPPH,2021,10,4254
Oceania,YPPH,2021,11,4294
Oceania,YPPH,2021,12,4349
Oceania,YSBK,2021,1,2510
Oceania,YSBK,2021,2,2781
Oceania,YSBK,2021,3,2970
Oceania,YSBK,2021,4,2994
Oceania,YSBK,2021,5,2697
Oceania,YSBK,2021,6,2282
Oceania,YSBK,2021,7,1314
Oceania,YSBK,2021,8,1309
Oceania,YSBK,2021,9,1163
Oceania,YSBK,2021,10,2368
Oceania,YSBK,2021,11,2519
Oceania,YSBK,2021,12,2735
Oceania,YSSY,2021,1,3820
Oceania,YSSY,2021,2,5209
Oceania,YSSY,2021,3,7762
Oceania,YSSY,2021,4,9578
Oceania,YSSY,2021,5,9441
Oceania,YSSY,2021,6,7774
Oceania,YSSY,2021,7,3347
Oceania,YSSY,2021,8,2637
Oceania,YSSY,2021,9,2469
Oceania,YSSY,2021,10,3057
Oceania,YSSY,2021,11,4955
Oceania,YSSY,2021,12,8730
Oceania,YBBN,2022,1,5639
Oceania,YBBN,2022,2,4843
Oceania,YBBN,2022,3,6456
Oceania,YBBN,2022,4,7334
Oceania,YBBN,2022,5,7496
Oceania,YMML,2022,1,6277
Oceania,YMML,2022,2,5209
Oceania,YMML,2022,3,7242
Oceania,YMML,2022,4,8768
Oceania,YMML,2022,5,8495
Oceania,YPPH,2022,1,3676
Oceania,YPPH,2022,2,3659
Oceania,YPPH,2022,3,4641
Oceania,YPPH,2022,4,4917
Oceania,YPPH,2022,5,5185
Oceania,YSBK,2022,1,2450
Oceania,YSBK,2022,2,2537
Oceania,YSBK,2022,3,2685
Oceania,YSBK,2022,4,2994
Oceania,YSBK,2022,5,3388
Oceania,YSSY,2022,1,8188
Oceania,YSSY,2022,2,7273
Oceania,YSSY,2022,3,9772
Oceania,YSSY,2022,4,11974
Oceania,YSSY,2022,5,11956
South Americas,SBBR,2019,1,4177
South Americas,SBBR,2019,2,3882
South Americas,SBBR,2019,3,4215
South Americas,SBBR,2019,4,3675
South Americas,SBBR,2019,5,3730
South Americas,SBBR,2019,6,3361
South Americas,SBBR,2019,7,4041
South Americas,SBBR,2019,8,3570
South Americas,SBBR,2019,9,3185
South Americas,SBBR,2019,10,3969
South Americas,SBBR,2019,11,4348
South Americas,SBBR,2019,12,4365
South Americas,SBGR,2019,1,10715
South Americas,SBGR,2019,2,9362
South Americas,SBGR,2019,3,10011
South Americas,SBGR,2019,4,9151
South Americas,SBGR,2019,5,8108
South Americas,SBGR,2019,6,7949
South Americas,SBGR,2019,7,9277
South Americas,SBGR,2019,8,7774
South Americas,SBGR,2019,9,7482
South Americas,SBGR,2019,10,9114
South Americas,SBGR,2019,11,8170
South Americas,SBGR,2019,12,9440
South Americas,SBKP,2019,1,2796
South Americas,SBKP,2019,2,2605
South Americas,SBKP,2019,3,2789
South Americas,SBKP,2019,4,2867
South Americas,SBKP,2019,5,3037
South Americas,SBKP,2019,6,2714
South Americas,SBKP,2019,7,2067
South Americas,SBKP,2019,8,2636
South Americas,SBKP,2019,9,2713
South Americas,SBKP,2019,10,3182
South Americas,SBKP,2019,11,3222
South Americas,SBKP,2019,12,3252
South Americas,SBSP,2019,1,6467
South Americas,SBSP,2019,2,5805
South Americas,SBSP,2019,3,6232
South Americas,SBSP,2019,4,5960
South Americas,SBSP,2019,5,5979
South Americas,SBSP,2019,6,5624
South Americas,SBSP,2019,7,6028
South Americas,SBSP,2019,8,5885
South Americas,SBSP,2019,9,5436
South Americas,SBSP,2019,10,6367
South Americas,SBSP,2019,11,6131
South Americas,SBSP,2019,12,5725
South Americas,SKBO,2019,1,1219
South Americas,SKBO,2019,10,171
South Americas,SKBO,2019,11,2814
South Americas,SKBO,2019,12,6139
South Americas,SBBR,2020,1,4147
South Americas,SBBR,2020,2,3985
South Americas,SBBR,2020,3,3105
South Americas,SBBR,2020,4,367
South Americas,SBBR,2020,5,453
South Americas,SBBR,2020,6,716
South Americas,SBBR,2020,7,1235
South Americas,SBBR,2020,8,1628
South Americas,SBBR,2020,9,2136
South Americas,SBBR,2020,10,2719
South Americas,SBBR,2020,11,2817
South Americas,SBBR,2020,12,3317
South Americas,SBGR,2020,1,8800
South Americas,SBGR,2020,2,9928
South Americas,SBGR,2020,3,7876
South Americas,SBGR,2020,4,1174
South Americas,SBGR,2020,5,1570
South Americas,SBGR,2020,6,1913
South Americas,SBGR,2020,7,2960
South Americas,SBGR,2020,8,3734
South Americas,SBGR,2020,9,4545
South Americas,SBGR,2020,10,5760
South Americas,SBGR,2020,11,6272
South Americas,SBGR,2020,12,7475
South Americas,SBKP,2020,1,3448
South Americas,SBKP,2020,2,3366
South Americas,SBKP,2020,3,2720
South Americas,SBKP,2020,4,940
South Americas,SBKP,2020,5,1337
South Americas,SBKP,2020,6,1695
South Americas,SBKP,2020,7,1952
South Americas,SBKP,2020,8,2332
South Americas,SBKP,2020,9,2379
South Americas,SBKP,2020,10,1412
South Americas,SBKP,2020,11,147
South Americas,SBKP,2020,12,166
South Americas,SBSP,2020,1,5540
South Americas,SBSP,2020,2,5753
South Americas,SBSP,2020,3,4247
South Americas,SBSP,2020,4,358
South Americas,SBSP,2020,5,455
South Americas,SBSP,2020,6,792
South Americas,SBSP,2020,7,1090
South Americas,SBSP,2020,8,968
South Americas,SBSP,2020,9,1386
South Americas,SBSP,2020,10,2396
South Americas,SBSP,2020,11,2803
South Americas,SBSP,2020,12,3411
South Americas,SKBO,2020,1,6963
South Americas,SKBO,2020,2,6740
South Americas,SKBO,2020,3,5983
South Americas,SKBO,2020,4,441
South Americas,SKBO,2020,5,324
South Americas,SKBO,2020,6,442
South Americas,SKBO,2020,7,535
South Americas,SKBO,2020,8,413
South Americas,SKBO,2020,9,1733
South Americas,SKBO,2020,10,2983
South Americas,SKBO,2020,11,2473
South Americas,SKBO,2020,12,2664
South Americas,SBBR,2021,1,3322
South Americas,SBBR,2021,2,2664
South Americas,SBBR,2021,3,2136
South Americas,SBBR,2021,4,1598
South Americas,SBBR,2021,5,2277
South Americas,SBBR,2021,6,2656
South Americas,SBBR,2021,7,3194
South Americas,SBBR,2021,8,3212
South Americas,SBBR,2021,9,2944
South Americas,SBBR,2021,10,3130
South Americas,SBBR,2021,11,1943
South Americas,SBBR,2021,12,3089
South Americas,SBGR,2021,1,7554
South Americas,SBGR,2021,2,5922
South Americas,SBGR,2021,3,5011
South Americas,SBGR,2021,4,4173
South Americas,SBGR,2021,5,5064
South Americas,SBGR,2021,6,5902
South Americas,SBGR,2021,7,7541
South Americas,SBGR,2021,8,7287
South Americas,SBGR,2021,9,5123
South Americas,SBGR,2021,10,367
South Americas,SBGR,2021,11,2205
South Americas,SBGR,2021,12,1425
South Americas,SBKP,2021,1,213
South Americas,SBKP,2021,2,515
South Americas,SBKP,2021,3,1253
South Americas,SBKP,2021,4,2381
South Americas,SBKP,2021,5,3101
South Americas,SBKP,2021,6,3373
South Americas,SBKP,2021,7,3720
South Americas,SBKP,2021,8,3960
South Americas,SBKP,2021,9,3461
South Americas,SBKP,2021,10,3660
South Americas,SBKP,2021,11,3915
South Americas,SBKP,2021,12,3996
South Americas,SBSP,2021,1,3738
South Americas,SBSP,2021,2,2867
South Americas,SBSP,2021,3,2308
South Americas,SBSP,2021,4,1683
South Americas,SBSP,2021,5,2348
South Americas,SBSP,2021,6,2857
South Americas,SBSP,2021,7,4014
South Americas,SBSP,2021,8,3830
South Americas,SBSP,2021,9,3211
South Americas,SBSP,2021,10,3482
South Americas,SBSP,2021,11,4748
South Americas,SBSP,2021,12,5584
South Americas,SKBO,2021,1,3947
South Americas,SKBO,2021,2,3367
South Americas,SKBO,2021,3,3376
South Americas,SKBO,2021,4,3782
South Americas,SKBO,2021,5,3799
South Americas,SKBO,2021,6,4317
South Americas,SKBO,2021,7,1364
South Americas,SKBO,2021,8,28
South Americas,SKBO,2021,11,2769
South Americas,SKBO,2021,12,120
South Americas,SBBR,2022,1,4225
South Americas,SBBR,2022,2,3216
South Americas,SBBR,2022,3,3727
South Americas,SBBR,2022,4,3568
South Americas,SBBR,2022,5,3151
South Americas,SBGR,2022,1,713
South Americas,SBGR,2022,2,400
South Americas,SBGR,2022,3,503
South Americas,SBGR,2022,4,53
South Americas,SBGR,2022,5,637
South Americas,SBKP,2022,1,3518
South Americas,SBKP,2022,2,3316
South Americas,SBKP,2022,3,3880
South Americas,SBKP,2022,4,3476
South Americas,SBKP,2022,5,2879
South Americas,SBSP,2022,1,4224
South Americas,SBSP,2022,2,1859
South Americas,SBSP,2022,3,2177
South Americas,SBSP,2022,4,4756
South Americas,SBSP,2022,5,4027
South Americas,SKBO,2022,2,1495
South Americas,SKBO,2022,3,9926
South Americas,SKBO,2022,4,4932
South Americas,SKBO,2022,5,1762
